000-photo.jpg,3
001-photo.png,3
002-photo.jpg,3
003-photo.jpg,3
004-photo.jpg,3
005-photo.jpg,3
006-photo.jpg,3
007-photo.jpg,3
008-photo.jpg,3
009-photo.jpg,3
010-photo.jpg,3
011-photo.jpg,3
012-photo.jpg,3
013-photo.jpg,5
014-photo.jpg,3
015-photo.jpg,6
016-photo.jpg,3
017-photo.jpg,3
018-photo.jpg,4
019-photo.jpg,3
020-photo.png,3
021-photo.png,4
022-photo.jpg,6
023-photo.jpg,4
024-photo.jpg,3
025-photo.jpg,5
026-photo.jpg,7
027-photo.jpg,6
028-photo.jpg,3
029-photo.jpg,3
030-photo.jpg,3
031-photo.jpg,5
032-photo.jpg,5
033-photo.jpg,5
034-photo.jpg,3
035-photo.jpg,5
036-photo.jpg,3
037-photo.jpg,3
038-photo.jpg,3
039-photo.jpg,3
040-photo.jpg,3
041-photo.jpg,5
042-photo.jpg,3
043-photo.jpg,3
044-photo.jpg,3
045-photo.png,6
046-photo.png,3
047-photo.jpg,3
048-photo.jpg,6
049-photo.jpg,3
050-photo.jpg,4
051-photo.jpg,4
052-photo.jpg,4
053-photo.jpg,3
054-photo.jpg,5
055-photo.jpg,3
056-photo.jpg,5
057-photo.jpg,3
058-photo.jpg,6
059-photo.jpg,5
060-photo.jpg,4
061-photo.jpg,3
062-photo.jpg,5
063-photo.jpg,4
064-photo.jpg,3
065-photo.jpg,3
066-photo.jpg,3
067-photo.jpg,3
068-photo.jpg,5
069-photo.jpg,3
070-photo.jpg,3
071-photo.jpg,3
072-photo.jpg,5
073-photo.jpg,6
074-photo.jpg,5
075-photo.jpg,5
076-photo.jpg,3
077-photo.jpg,3
078-photo.jpg,3
079-photo.jpg,3
080-photo.jpg,5
081-photo.jpg,3
082-photo.jpg,5
083-photo.jpg,5
084-photo.jpg,3
085-photo.jpg,5
086-photo.jpg,3
087-photo.jpg,5
088-photo.jpg,3
089-photo.jpg,5
090-photo.jpg,5
091-photo.jpg,5
092-photo.jpg,3
093-photo.jpg,5
094-photo.jpg,5
095-photo.jpg,5
096-photo.jpg,5
097-photo.jpg,5
098-photo.jpg,5
099-photo.jpg,5
100-photo.jpg,5
101-photo.jpg,3
102-photo.jpg,5
103-photo.jpg,3
104-photo.jpg,5
105-photo.jpg,5
106-photo.jpg,5
107-photo.jpg,3
108-photo.jpg,3
109-photo.jpg,5
110-photo.jpg,3
111-photo.jpg,5
112-photo.jpg,3
113-photo.jpg,3
114-photo.jpg,3
115-photo.jpg,5
116-photo.jpg,3
117-photo.jpg,3
118-photo.jpg,5
119-photo.jpg,5
120-photo.jpg,3
121-photo.jpg,3
122-photo.jpg,3